{
    "config": {
      "feature": {
        "config": {
          "feature": {
            "config": {
              "feature": {
                "config": {
                  "feature": {
                    "config": {
                      "state": {
                        "Properties": {
                          "level": "0"
                        },
                        "Name": "minecraft:lava"
                      }
                    },
                    "type": "minecraft:lake"
                  },
                  "decorator": {
                    "config": {
                      "chance": 3
                    },
                    "type": "minecraft:lava_lake"
                  }
                },
                "type": "minecraft:decorated"
              },
              "decorator": {
                "config": {
                  "height": {
                    "min_inclusive": {
                      "above_bottom": 0
                    },
                    "max_inclusive": {
                      "below_top": 0
                    },
                    "inner": 10,
                    "type": "minecraft:biased_to_bottom"
                  }
                },
                "type": "minecraft:range"
              }
            },
            "type": "minecraft:decorated"
          },
          "decorator": {
            "config": {},
            "type": "minecraft:square"
          }
        },
        "type": "minecraft:decorated"
      },
      "decorator": {
        "config": {
          "count": 7
        },
        "type": "minecraft:count"
      }
    },
    "type": "minecraft:decorated"
  }