{
    "config": {
      "feature": {
        "config": {
          "state": {
            "Name": "minecraft:packed_ice"
          },
          "radius": {
            "type": "minecraft:uniform",
            "value": {
              "min_inclusive": 2,
              "max_inclusive": 5
            }
          },
          "half_height": 2,
          "targets": [
            {
              "Name": "minecraft:dirt"
            },
            {
              "Properties": {
                "snowy": "false"
              },
              "Name": "minecraft:grass_block"
            },
            {
                "Name": "minecraft:ice"
            },
            {
                "Name": "minecraft:gravel"
            }
          ]
        },
        "type": "minecraft:disk"
      },
      "decorator": {
        "config": {
          "outer": {
            "config": {},
            "type": "minecraft:square"
          },
          "inner": {
            "config": {
              "heightmap": "OCEAN_FLOOR_WG"
            },
            "type": "minecraft:heightmap"
          }
        },
        "type": "minecraft:decorated"
      }
    },
    "type": "minecraft:decorated"
  }