{
    "type": "block_pile",
    "config": {
        "state_provider": {
            "type": "weighted_state_provider",
            "entries": [
                {
                    "data": {
                        "Name": "minecraft:ice"
                    },
                    "weight": 3
                },
                {
                    "data": {
                        "Name": "minecraft:packed_ice"
                    },
                    "weight": 2
                },
                {
                    "data": {
                        "Name": "minecraft:powder_snow"
                    },
                    "weight": 1
                }
            ]
        }
    }
}