{
    "config": {
      "targets": [
        {
          "target": {
            "block": "minecraft:packed_ice",
            "predicate_type": "minecraft:block_match"
          },
          "state": {
            "Name": "minecraft:snow_block"
          }
        },
        {
            "target": {
              "block": "minecraft:snow_block",
              "predicate_type": "minecraft:block_match"
            },
            "state": {
              "Name": "minecraft:snow_block"
            }
        },
        {
            "target": {
              "block": "minecraft:ice",
              "predicate_type": "minecraft:block_match"
            },
            "state": {
              "Name": "minecraft:snow_block"
            }
        }
      ],
      "size": 32,
      "discard_chance_on_air_exposure": 0.0
    },
    "type": "minecraft:ore"
  }