{
    "config": {
      "feature": {
        "config": {
          "feature": {
            "config": {
              "feature": {
                "config": {
                  "targets": [
                    {
                      "target": {
                        "tag": "minecraft:stone_ore_replaceables",
                        "predicate_type": "minecraft:tag_match"
                      },
                      "state": {
                        "Name": "minecraft:smooth_basalt"
                      }
                    },
                    {
                      "target": {
                        "tag": "minecraft:base_stone_overworld",
                        "predicate_type": "minecraft:tag_match"
                      },
                      "state": {
                        "Name": "minecraft:smooth_basalt"
                      }
                    },
                    {
                      "target": {
                        "block": "minecraft:stone",
                        "predicate_type": "minecraft:block_match"
                      },
                      "state": {
                        "Name": "minecraft:smooth_basalt"
                      }
                    },
                    {
                      "target": {
                        "block": "minecraft:gravel",
                        "predicate_type": "minecraft:block_match"
                      },
                      "state": {
                        "Name": "minecraft:smooth_basalt"
                      }
                    },
                    {
                        "target": {
                          "block": "minecraft:grass",
                          "predicate_type": "minecraft:block_match"
                        },
                        "state": {
                          "Name": "minecraft:smooth_basalt"
                        }
                    },
                    {
                        "target": {
                          "block": "minecraft:water",
                          "predicate_type": "minecraft:block_match"
                        },
                        "state": {
                          "Name": "minecraft:smooth_basalt"
                        }
                    }
                  ],
                  "size": 24,
                  "discard_chance_on_air_exposure": 0.0
                },
                "type": "minecraft:ore"
              },
              "decorator": {
                "config": {
                  "height": {
                    "min_inclusive": {
                      "absolute": 0
                    },
                    "max_inclusive": {
                      "below_top": 0
                    },
                    "type": "minecraft:uniform"
                  }
                },
                "type": "minecraft:range"
              }
            },
            "type": "minecraft:decorated"
          },
          "decorator": {
            "config": {},
            "type": "minecraft:square"
          }
        },
        "type": "minecraft:decorated"
      },
      "decorator": {
        "config": {
          "count": 45
        },
        "type": "minecraft:count"
      }
    },
    "type": "minecraft:decorated"
  }