{
  "config": {
    "feature": {
      "config": {
        "feature": {
          "config": {
            "feature": {
              "config": {
                "feature": "minecraft:swamp_oak",
                "decorator": {
                  "config": {
                    "heightmap": "OCEAN_FLOOR"
                  },
                  "type": "minecraft:heightmap"
                }
              },
              "type": "minecraft:decorated"
            },
            "decorator": {
              "config": {
                "max_water_depth": 6
              },
              "type": "minecraft:water_depth_threshold"
            }
          },
          "type": "minecraft:decorated"
        },
        "decorator": {
          "config": {},
          "type": "minecraft:square"
        }
      },
      "type": "minecraft:decorated"
    },
    "decorator": {
      "config": {
        "count": 3,
        "extra_chance": 0.15,
        "extra_count": 2
      },
      "type": "minecraft:count_extra"
    },
    "ignore_vines": true,
    "force_dirt": false,
    "minimum_size": {
      "type": "two_layers_feature_size",
      "limit": 5,
      "lower_size": 6,
      "upper_size": 7
    }
  },
  "type": "minecraft:decorated"
}