{
    "scale": 0.1,
    "effects": {
      "mood_sound": {
        "sound": "minecraft:ambient.cave",
        "tick_delay": 6000,
        "block_search_extent": 8,
        "offset": 2.0
      },
      "grass_color_modifier": "swamp",
      "sky_color": 7907327,
      "foliage_color": 6975545,
      "fog_color": 12638463,
      "water_color": 6388580,
      "water_fog_color": 2302743
    },
    "surface_builder": "minecraft:swamp",
    "carvers": {
      "air": [
        "minecraft:cave",
        "minecraft:canyon"
      ]
    },
    "features": [
      [],
      [
        "minecraft:lake_water"
      ],
      [
        "minecraft:amethyst_geode"
      ],
      [
        "minecraft:fossil",
        "minecraft:monster_room"
      ],
      [],
      [],
      [
        "minecraft:ore_dirt",
        "minecraft:ore_gravel",
        "minecraft:ore_granite",
        "minecraft:ore_diorite",
        "minecraft:ore_andesite",
        "minecraft:ore_tuff",
        "minecraft:ore_deepslate",
        "minecraft:ore_coal",
        "minecraft:ore_iron",
        "minecraft:ore_gold",
        "minecraft:ore_redstone",
        "minecraft:ore_diamond",
        "minecraft:ore_lapis",
        "minecraft:ore_copper",
        "agus5534:disk_clay",
        "agus5534:ore_clay"
      ],
      [
        "minecraft:rare_dripstone_cluster",
        "minecraft:rare_small_dripstone"
      ],
      [
        "minecraft:glow_lichen",
        "agus5534:trees_giant_swamp",
        "minecraft:flower_swamp",
        "minecraft:patch_grass_normal",
        "minecraft:patch_dead_bush",
        "minecraft:patch_waterlilly",
        "minecraft:brown_mushroom_swamp",
        "minecraft:red_mushroom_swamp",
        "minecraft:brown_mushroom_normal",
        "minecraft:red_mushroom_normal",
        "minecraft:patch_sugar_cane_swamp",
        "minecraft:patch_pumpkin",
        "minecraft:spring_water",
        "minecraft:seagrass_swamp"
      ],
      [
        "minecraft:freeze_top_layer"
      ]
    ],
    "starts": [
      "minecraft:swamp_hut",
      "minecraft:mineshaft",
      "minecraft:ruined_portal_swamp",
      "agus5534:giant_swamp_tree"
    ],
    "spawners": {
      "monster": [
        {
          "type": "minecraft:spider",
          "weight": 100,
          "minCount": 4,
          "maxCount": 4
        },
        {
          "type": "minecraft:zombie",
          "weight": 95,
          "minCount": 4,
          "maxCount": 4
        },
        {
          "type": "minecraft:zombie_villager",
          "weight": 5,
          "minCount": 1,
          "maxCount": 1
        },
        {
          "type": "minecraft:skeleton",
          "weight": 100,
          "minCount": 4,
          "maxCount": 4
        },
        {
          "type": "minecraft:creeper",
          "weight": 100,
          "minCount": 4,
          "maxCount": 4
        },
        {
          "type": "minecraft:slime",
          "weight": 100,
          "minCount": 4,
          "maxCount": 4
        },
        {
          "type": "minecraft:enderman",
          "weight": 10,
          "minCount": 1,
          "maxCount": 4
        },
        {
          "type": "minecraft:witch",
          "weight": 5,
          "minCount": 1,
          "maxCount": 1
        },
        {
          "type": "minecraft:slime",
          "weight": 1,
          "minCount": 1,
          "maxCount": 1
        }
      ],
      "creature": [
        {
          "type": "minecraft:sheep",
          "weight": 12,
          "minCount": 4,
          "maxCount": 4
        },
        {
          "type": "minecraft:pig",
          "weight": 10,
          "minCount": 4,
          "maxCount": 4
        },
        {
          "type": "minecraft:chicken",
          "weight": 10,
          "minCount": 4,
          "maxCount": 4
        },
        {
          "type": "minecraft:cow",
          "weight": 8,
          "minCount": 4,
          "maxCount": 4
        }
      ],
      "ambient": [
        {
          "type": "minecraft:bat",
          "weight": 10,
          "minCount": 8,
          "maxCount": 8
        }
      ],
      "underground_water_creature": [
        {
          "type": "minecraft:glow_squid",
          "weight": 10,
          "minCount": 4,
          "maxCount": 6
        },
        {
          "type": "minecraft:axolotl",
          "weight": 10,
          "minCount": 4,
          "maxCount": 6
        }
      ],
      "water_creature": [],
      "water_ambient": [],
      "misc": []
    },
    "spawn_costs": {},
    "player_spawn_friendly": false,
    "precipitation": "rain",
    "temperature": 0.8,
    "downfall": 0.9,
    "category": "swamp",
    "depth": -0.2
  }