{
    "scale": 0.05,
    "effects": {
      "mood_sound": {
        "sound": "minecraft:ambient.cave",
        "tick_delay": 6000,
        "block_search_extent": 8,
        "offset": 2.0
      },
      "sky_color": 7711487,
      "fog_color": 12638463,
      "water_color": 4159204,
      "water_fog_color": 329011
    },
    "surface_builder": "minecraft:grass",
    "carvers": {
      "air": [
        "minecraft:cave",
        "minecraft:canyon"
      ]
    },
    "features": [
      [],
      [
        "minecraft:lake_lava",
        "agus5534:big_lava_lake"
      ],
      [
        "minecraft:amethyst_geode"
      ],
      [
        "minecraft:monster_room"
      ],
      [],
      [],
      [
        "minecraft:ore_dirt",
        "minecraft:ore_gravel",
        "minecraft:ore_granite",
        "minecraft:ore_diorite",
        "minecraft:ore_andesite",
        "minecraft:ore_tuff",
        "minecraft:ore_deepslate",
        "minecraft:ore_coal",
        "minecraft:ore_iron",
        "minecraft:ore_gold",
        "minecraft:ore_redstone",
        "minecraft:ore_diamond",
        "minecraft:ore_lapis",
        "minecraft:ore_copper",
        "minecraft:disk_sand",
        "minecraft:disk_clay",
        "minecraft:disk_gravel",
        "agus5534:ore_sand",
        "agus5534:ore_basalt"
      ],
      [
        "minecraft:rare_dripstone_cluster",
        "minecraft:rare_small_dripstone"
      ],
      [
        "minecraft:patch_tall_grass",
        "minecraft:glow_lichen",
        "minecraft:trees_savanna",
        "minecraft:flower_warm",
        "minecraft:patch_grass_savanna",
        "minecraft:brown_mushroom_normal",
        "minecraft:red_mushroom_normal",
        "minecraft:patch_sugar_cane",
        "minecraft:patch_pumpkin",
        "minecraft:spring_lava"
      ],
      [
        "minecraft:freeze_top_layer"
      ]
    ],
    "starts": [
      "agus5534:red_desert_pyramid",
      "agus5534:volcano",
      "minecraft:mineshaft",
      "minecraft:stronghold",
      "minecraft:ruined_portal"
    ],
    "spawners": {
      "monster": [
        {
          "type": "minecraft:spider",
          "weight": 100,
          "minCount": 4,
          "maxCount": 4
        },
        {
          "type": "minecraft:husk",
          "weight": 95,
          "minCount": 4,
          "maxCount": 4
        },
        {
          "type": "minecraft:zombie_villager",
          "weight": 5,
          "minCount": 1,
          "maxCount": 1
        },
        {
          "type": "minecraft:skeleton",
          "weight": 100,
          "minCount": 4,
          "maxCount": 4
        },
        {
          "type": "minecraft:creeper",
          "weight": 100,
          "minCount": 4,
          "maxCount": 4
        },
        {
          "type": "minecraft:slime",
          "weight": 100,
          "minCount": 4,
          "maxCount": 4
        },
        {
          "type": "minecraft:enderman",
          "weight": 10,
          "minCount": 1,
          "maxCount": 4
        },
        {
          "type": "minecraft:witch",
          "weight": 5,
          "minCount": 1,
          "maxCount": 1
        }
      ],
      "creature": [
        {
          "type": "minecraft:pig",
          "weight": 10,
          "minCount": 4,
          "maxCount": 4
        },
        {
          "type": "minecraft:cow",
          "weight": 8,
          "minCount": 4,
          "maxCount": 4
        }
      ],
      "ambient": [
        {
          "type": "minecraft:bat",
          "weight": 10,
          "minCount": 8,
          "maxCount": 8
        }
      ],
      "underground_water_creature": [
        {
          "type": "minecraft:glow_squid",
          "weight": 10,
          "minCount": 4,
          "maxCount": 6
        },
        {
          "type": "minecraft:axolotl",
          "weight": 10,
          "minCount": 4,
          "maxCount": 6
        }
      ],
      "water_creature": [],
      "water_ambient": [],
      "misc": []
    },
    "spawn_costs": {},
    "player_spawn_friendly": false,
    "precipitation": "none",
    "temperature": 2.0,
    "downfall": 0.0,
    "category": "savanna",
    "depth": 0.125
  }