{
    "precipitation": "snow",
    "temperature": 0.0,
    "temperature_modifier": "frozen",
    "depth": 0.45,
    "surface_builder": "agus5534:icy_mountains",
    "scale": 0.44000002,
    "downfall": 0.5,
    "category": "icy",
    "effects": {
        "fog_color": 14604764,
        "sky_color": 11920109,
        "water_color": 4809571,
        "water_fog_color": 3095869,
        "grass_color": 11597045,
        "ambient_sound": "minecraft:ambient.nether_wastes.additions",
        "music": {
            "sound": "minecraft:music.game",
            "min_delay": 20,
            "max_delay": 120,
            "replace_current_music": false
        },
        "mood_sound": {
            "sound": "minecraft:ambient.cave",
            "tick_delay": 6000,
            "block_search_extent": 8,
            "offset": 2.0
          }
    },
    "carvers": {
        "air": [
            "minecraft:cave",
            "minecraft:canyon"
        ]
    },
    "features": [
        [],
        [
            "minecraft:lake_water",
            "agus5534:frozen_lake"
        ],
        [
            "minecraft:iceberg_packed",
            "minecraft:iceberg_blue"
        ],
        [
            "minecraft:monster_room",
            "agus5534:packed_ice_forest_rock"
        ],
        [
            "minecraft:blue_ice",
            "minecraft:ice_spike",
            "minecraft:ice_patch",
            "agus5534:ice_piles"
        ],
        [],
        [
            "minecraft:ore_dirt",
            "minecraft:ore_gravel",
            "minecraft:ore_granite",
            "minecraft:ore_diorite",
            "minecraft:ore_andesite",
            "minecraft:ore_tuff",
            "minecraft:ore_deepslate",
            "minecraft:ore_coal",
            "minecraft:ore_iron",
            "minecraft:ore_gold",
            "minecraft:ore_redstone",
            "minecraft:ore_diamond",
            "minecraft:ore_lapis",
            "minecraft:ore_copper",
            "agus5534:disk_ice",
            "agus5534:ore_packed_ice"
        ],
        [],
        [
            "minecraft:spring_water",
            "minecraft:patch_sugar_cane"
        ],
        [
            "minecraft:freeze_top_layer"
        ]
    ],
    "creature_spawn_probability": 0.14,
    "spawners": {
        "monster": [
            {
                "type": "minecraft:creeper",
                "weight": 3,
                "minCount": 1,
                "maxCount": 8
            },
            {
                "type": "minecraft:stray",
                "weight": 5,
                "minCount": 2,
                "maxCount": 9
            },
            {
                "type": "minecraft:zombie",
                "weight": 3,
                "minCount": 1,
                "maxCount": 8
            }
        ]
    },
    "spawn_costs": {},
    "starts": [
        "minecraft:mineshaft",
        "minecraft:stronghold",
        "minecraft:ruined_portal_mountain",
        "agus5534:ice_pack"
    ],
    "player_spawn_friendly": false
}