{
    "scale": 0.1,
    "effects": {
      "mood_sound": {
        "sound": "minecraft:ambient.cave",
        "tick_delay": 6000,
        "block_search_extent": 8,
        "offset": 2.0
      },
      "sky_color": 8103167,
      "fog_color": 12638463,
      "water_color": 4020182,
      "water_fog_color": 329011
    },
    "surface_builder": "agus5534:islands_ocean",
    "carvers": {
      "air": [
        "minecraft:ocean_cave",
        "minecraft:canyon"
      ],
      "liquid": [
        "minecraft:underwater_canyon",
        "minecraft:underwater_cave"
      ]
    },
    "features": [
      [],
      [
        "minecraft:lake_water",
        "minecraft:lake_lava"
      ],
      [
        "minecraft:amethyst_geode"
      ],
      [
        "minecraft:monster_room"
      ],
      [],
      [],
      [
        "minecraft:ore_dirt",
        "minecraft:ore_gravel",
        "minecraft:ore_granite",
        "minecraft:ore_diorite",
        "minecraft:ore_andesite",
        "minecraft:ore_tuff",
        "minecraft:ore_deepslate",
        "minecraft:ore_coal",
        "minecraft:ore_iron",
        "minecraft:ore_gold",
        "minecraft:ore_redstone",
        "minecraft:ore_diamond",
        "minecraft:ore_lapis",
        "minecraft:ore_copper",
        "minecraft:disk_sand",
        "minecraft:disk_clay",
        "minecraft:disk_gravel",
        "agus5534:disk_ice"
      ],
      [
        "minecraft:rare_dripstone_cluster",
        "minecraft:rare_small_dripstone"
      ],
      [
        "minecraft:patch_grass_badlands",
        "minecraft:brown_mushroom_normal",
        "minecraft:red_mushroom_normal",
        "minecraft:patch_sugar_cane",
        "minecraft:patch_pumpkin",
        "minecraft:spring_water",
        "minecraft:spring_lava",
        "minecraft:kelp_cold"
      ],
      [
        "minecraft:freeze_top_layer"
      ]
    ],
    "starts": [
      "minecraft:mineshaft",
      "minecraft:ocean_ruin_cold",
      "minecraft:shipwreck",
      "minecraft:ruined_portal_ocean"
    ],
    "spawners": {
      "monster": [
        {
          "type": "minecraft:spider",
          "weight": 100,
          "minCount": 4,
          "maxCount": 4
        },
        {
          "type": "minecraft:zombie",
          "weight": 95,
          "minCount": 4,
          "maxCount": 4
        },
        {
          "type": "minecraft:zombie_villager",
          "weight": 5,
          "minCount": 1,
          "maxCount": 1
        },
        {
          "type": "minecraft:skeleton",
          "weight": 100,
          "minCount": 4,
          "maxCount": 4
        },
        {
          "type": "minecraft:creeper",
          "weight": 100,
          "minCount": 4,
          "maxCount": 4
        },
        {
          "type": "minecraft:slime",
          "weight": 100,
          "minCount": 4,
          "maxCount": 4
        },
        {
          "type": "minecraft:enderman",
          "weight": 10,
          "minCount": 1,
          "maxCount": 4
        },
        {
          "type": "minecraft:witch",
          "weight": 5,
          "minCount": 1,
          "maxCount": 1
        },
        {
          "type": "minecraft:drowned",
          "weight": 5,
          "minCount": 1,
          "maxCount": 1
        }
      ],
      "creature": [],
      "ambient": [
        {
          "type": "minecraft:bat",
          "weight": 10,
          "minCount": 8,
          "maxCount": 8
        }
      ],
      "underground_water_creature": [],
      "water_creature": [],
      "water_ambient": [],
      "misc": []
    },
    "spawn_costs": {},
    "player_spawn_friendly": false,
    "precipitation": "rain",
    "temperature": 0.5,
    "downfall": 0.5,
    "category": "ocean",
    "depth": -1.0
  }