{
    "scale": 0.2,
    "effects": {
      "mood_sound": {
        "sound": "minecraft:ambient.cave",
        "tick_delay": 6000,
        "block_search_extent": 8,
        "offset": 2.0
      },
      "sky_color": 8625919,
      "fog_color": 12638463,
      "water_color": 4020182,
      "water_fog_color": 329011
    },
    "surface_builder": "agus5534:snow_taiga",
    "carvers": {
      "air": [
        "minecraft:cave",
        "minecraft:canyon"
      ]
    },
    "features": [
      [],
      [
        "minecraft:lake_water",
        "minecraft:lake_lava"
      ],
      [
        "minecraft:amethyst_geode"
      ],
      [
        "minecraft:monster_room"
      ],
      [],
      [],
      [
        "minecraft:ore_dirt",
        "minecraft:ore_gravel",
        "minecraft:ore_granite",
        "minecraft:ore_diorite",
        "minecraft:ore_andesite",
        "minecraft:ore_tuff",
        "minecraft:ore_deepslate",
        "minecraft:ore_coal",
        "minecraft:ore_iron",
        "minecraft:ore_gold",
        "minecraft:ore_redstone",
        "minecraft:ore_diamond",
        "minecraft:ore_lapis",
        "minecraft:ore_copper",
        "minecraft:disk_sand",
        "minecraft:disk_clay",
        "minecraft:disk_gravel",
        "agus5534:ore_packed_ice",
        "agus5534:ore_powder_snow"
      ],
      [
        "minecraft:rare_dripstone_cluster",
        "minecraft:rare_small_dripstone"
      ],
      [
        "minecraft:patch_large_fern",
        "minecraft:glow_lichen",
        "minecraft:taiga_vegetation",
        "minecraft:patch_sugar_cane",
        "minecraft:patch_pumpkin",
        "minecraft:spring_water"
      ],
      [
        "minecraft:freeze_top_layer"
      ]
    ],
    "starts": [
      "minecraft:igloo",
      "minecraft:mineshaft",
      "agus5534:ice_pack",
      "minecraft:stronghold",
      "minecraft:ruined_portal"
    ],
    "spawners": {
      "monster": [
        {
          "type": "minecraft:spider",
          "weight": 100,
          "minCount": 4,
          "maxCount": 4
        },
        {
          "type": "minecraft:zombie",
          "weight": 95,
          "minCount": 4,
          "maxCount": 4
        },
        {
          "type": "minecraft:zombie_villager",
          "weight": 5,
          "minCount": 1,
          "maxCount": 1
        },
        {
          "type": "minecraft:skeleton",
          "weight": 100,
          "minCount": 4,
          "maxCount": 4
        },
        {
          "type": "minecraft:creeper",
          "weight": 100,
          "minCount": 4,
          "maxCount": 4
        },
        {
          "type": "minecraft:slime",
          "weight": 100,
          "minCount": 4,
          "maxCount": 4
        },
        {
          "type": "minecraft:enderman",
          "weight": 10,
          "minCount": 1,
          "maxCount": 4
        },
        {
          "type": "minecraft:witch",
          "weight": 5,
          "minCount": 1,
          "maxCount": 1
        }
      ],
      "creature": [
        {
          "type": "minecraft:sheep",
          "weight": 12,
          "minCount": 4,
          "maxCount": 4
        },
        {
          "type": "minecraft:pig",
          "weight": 10,
          "minCount": 4,
          "maxCount": 4
        },
        {
          "type": "minecraft:chicken",
          "weight": 10,
          "minCount": 4,
          "maxCount": 4
        },
        {
          "type": "minecraft:cow",
          "weight": 8,
          "minCount": 4,
          "maxCount": 4
        },
        {
          "type": "minecraft:wolf",
          "weight": 8,
          "minCount": 4,
          "maxCount": 4
        },
        {
          "type": "minecraft:rabbit",
          "weight": 4,
          "minCount": 2,
          "maxCount": 3
        },
        {
          "type": "minecraft:fox",
          "weight": 8,
          "minCount": 2,
          "maxCount": 4
        }
      ],
      "ambient": [
        {
          "type": "minecraft:bat",
          "weight": 10,
          "minCount": 8,
          "maxCount": 8
        }
      ],
      "underground_water_creature": [
        {
          "type": "minecraft:glow_squid",
          "weight": 10,
          "minCount": 4,
          "maxCount": 6
        },
        {
          "type": "minecraft:axolotl",
          "weight": 10,
          "minCount": 4,
          "maxCount": 6
        }
      ],
      "water_creature": [],
      "water_ambient": [],
      "misc": []
    },
    "spawn_costs": {},
    "player_spawn_friendly": false,
    "precipitation": "snow",
    "temperature": -0.5,
    "downfall": 0.4,
    "category": "taiga",
    "depth": 0.2
  }