{
    "type": "agus5534:debug",
    "generator": {
        "biome_source": {
          "seed": 223452,
          "weirdness_noise": {
            "firstOctave": -7,
            "amplitudes": [
              1.0,
              1.0
            ]
          },
          "humidity_noise": {
            "firstOctave": -7,
            "amplitudes": [
              1.0,
              1.0
            ]
          },
          "temperature_noise": {
            "firstOctave": -7,
            "amplitudes": [
              1.0,
              1.0
            ]
          },
          "altitude_noise": {
            "firstOctave": -7,
            "amplitudes": [
              1.0,
              1.0
            ]
          },
            "biomes": [
              {
                "parameters": {
                  "temperature": 0.7,
                  "humidity": 0.1,
                  "altitude": 0.5,
                  "weirdness": 0.13,
                  "offset": 0.0
                },
                "biome": "agus5534:giant_swamp"
              },
              {
                "parameters": {
                  "temperature": -0.5,
                  "humidity": 0.5,
                  "altitude": 0.5,
                  "weirdness": 0.115,
                  "offset": 0.04
                },
                "biome": "agus5534:icy_mountains"
              },
              {
                "parameters": {
                  "temperature": -0.5,
                  "humidity": 0.5,
                  "altitude": 0.5,
                  "weirdness": 0.10,
                  "offset": 0.0
                },
                "biome": "agus5534:frozen_plains"
              },
              {
                "parameters": {
                  "temperature": -0.5,
                  "humidity": 0.9,
                  "altitude": 0.5,
                  "weirdness": 0.13,
                  "offset": 0.0
                },
                "biome": "agus5534:icy_taiga_mountains"
              },
              {
                "parameters": {
                  "temperature": 0.5,
                  "humidity": -0.3,
                  "altitude": 0.5,
                  "weirdness": 0.07,
                  "offset": 0.0
                },
                "biome": "agus5534:hot_savanna"
              }
            ],
            "type": "minecraft:multi_noise"
        },
        "seed": 7375332,
        "settings": "minecraft:overworld",
        "type": "minecraft:noise"
    }
}