{
    "type": "chest",
    "pools": [
        {
            "rolls": {
                "type": "uniform",
                "min": 2.0,
                "max": 5.0
            },
            "conditions": [],
            "entries": [
                {
                    "type": "item",
                    "name": "minecraft:spruce_log",
                    "weight": 4,
                    "functions": [
                        {
                            "function": "set_count",
                            "count": {
                                "min": 1,
                                "max": 7
                            }
                        }
                    ]
                },
                {
                    "type": "item",
                    "name": "minecraft:apple",
                    "weight": 3,
                    "functions": [
                        {
                            "function": "set_count",
                            "count": {
                                "min": 1,
                                "max": 3
                            }
                        }
                    ]
                },
                {
                    "type": "item",
                    "name": "minecraft:golden_apple",
                    "weight": 1
                },
                {
                    "type": "item",
                    "name": "minecraft:arrow",
                    "weight": 2,
                    "functions": [
                        {
                            "function": "set_count",
                            "count": {
                                "min": 1,
                                "max": 7
                            }
                        }
                    ]
                },
                {
                    "type": "item",
                    "name": "minecraft:bow",
                    "weight": 1,
                    "functions": [
                        {
                            "function": "minecraft:enchant_with_levels",
                            "levels": {
                                "min": 1,
                                "max": 16
                            },
                            "conditions": [
                                {
                                    "condition": "minecraft:random_chance",
                                    "chance": 0.4
                                }
                            ]
                        },
                        {
                            "function": "set_count",
                            "count": {
                                "min": 0,
                                "max": 1
                            }
                        }
                    ]
                }
            ]
        }
    ]
}