{
    "type": "chest",
    "pools": [
        {
            "rolls": {
                "type": "uniform",
                "min": 2.0,
                "max": 6.0
            },
            "conditions": [],
            "entries": [
                {
                    "type": "item",
                    "name": "minecraft:iron_ingot",
                    "weight": 3,
                    "functions": [
                        {
                            "function": "set_count",
                            "count": {
                                "min": 1,
                                "max": 6
                            }
                        }
                    ]
                },
                {
                    "type": "item",
                    "name": "minecraft:trident",
                    "weight": 1,
                    "functions": [
                        {
                            "function": "minecraft:enchant_with_levels",
                            "levels": {
                                "min": 1,
                                "max": 16
                            },
                            "conditions": [
                                {
                                    "condition": "minecraft:random_chance",
                                    "chance": 0.4
                                }
                            ]
                        },
                        {
                            "function": "set_count",
                            "count": {
                                "min": 0,
                                "max": 1
                            }
                        }
                    ]
                },
                {
                    "type": "item",
                    "name": "minecraft:gold_ingot",
                    "weight": 2,
                    "functions": [
                        {
                            "function": "set_count",
                            "count": {
                                "min": 1,
                                "max": 4
                            }
                        }
                    ]
                },
                {
                    "type": "item",
                    "name": "minecraft:diamond",
                    "weight": 2,
                    "functions": [
                        {
                            "function": "set_count",
                            "count": {
                                "min": 0,
                                "max": 3
                            }
                        }
                    ]
                },
                {
                    "type": "item",
                    "name": "minecraft:golden_apple",
                    "weight": 1,
                    "functions": [
                        {
                            "function": "set_count",
                            "count": {
                                "min": 0,
                                "max": 3
                            }
                        }
                    ]
                },
                {
                    "type": "item",
                    "name": "minecraft:potion",
                    "weight": 1,
                    "functions": [
                        {
                            "function": "minecraft:set_nbt",
                            "tag": "{Potion:\"minecraft:healing\"}"
                        },
                        {
                            "function": "set_count",
                            "count": {
                                "min": 0,
                                "max": 1
                            }
                        }
                    ]
                },
                {
                    "type": "item",
                    "name": "minecraft:potion",
                    "weight": 1,
                    "functions": [
                        {
                            "function": "minecraft:set_nbt",
                            "tag": "{Potion:\"minecraft:fire_resistance\"}"
                        },
                        {
                            "function": "set_count",
                            "count": {
                                "min": 0,
                                "max": 1
                            }
                        }
                    ]
                },
                {
                    "type": "item",
                    "name": "minecraft:splash_potion",
                    "weight": 1,
                    "functions": [
                        {
                            "function": "minecraft:set_nbt",
                            "tag": "{Potion:\"minecraft:slowness\"}"
                        },
                        {
                            "function": "set_count",
                            "count": {
                                "min": 0,
                                "max": 1
                            }
                        }
                    ]
                }
            ]
        }
    ]
}