    {
        "type": "chest",
        "pools": [
            {
                "rolls": {
                    "type": "minecraft:uniform",
                    "min": 2,
                    "max": 4
                },
                "bonus_rolls": 1,
                "entries": [
                    {
                        "type": "item",
                        "weight": 2,
                        "name": "minecraft:iron_sword",
                        "functions": [
                            {
                                "function": "minecraft:enchant_with_levels",
                                "levels": {
                                    "min": 1,
                                    "max": 11
                                },
                                "conditions": [
                                    {
                                        "condition": "minecraft:random_chance",
                                        "chance": 0.5
                                    }
                                ]
                            },
                            {
                                "function": "set_count",
                                "count": {
                                    "min": 0,
                                    "max": 1
                                }
                            }
                        ]
                    },
                    {
                        "type": "item",
                        "weight": 2,
                        "name": "minecraft:shield",
                        "functions": [
                            {
                                "function": "set_count",
                                "count": {
                                    "min": 1,
                                    "max": 1
                                }
                            }
                        ]
                    },
                    {
                        "type": "item",
                        "weight": 4,
                        "name": "minecraft:lapis_lazuli",
                        "functions": [
                            {
                                "function": "set_count",
                                "count": {
                                    "min": 1,
                                    "max": 8
                                }
                            }
                        ]
                    },
                    {
                        "type": "item",
                        "weight": 3,
                        "name": "minecraft:obsidian",
                        "functions": [
                            {
                                "function": "set_count",
                                "count": {
                                    "min": 0,
                                    "max": 4
                                }
                            }
                        ]
                    },
                    {
                        "type": "item",
                        "weight": 1,
                        "name": "minecraft:lapis_block",
                        "functions": [
                            {
                                "function": "set_count",
                                "count": {
                                    "min": 0,
                                    "max": 2
                                }
                            }
                        ]
                    },
                    {
                        "type": "item",
                        "weight": 1,
                        "name": "minecraft:diamond",
                        "functions": [
                            {
                                "function": "set_count",
                                "count": {
                                    "min": 0,
                                    "max": 3
                                }
                            }
                        ]
                    },
                    {
                        "type": "item",
                        "weight": 1,
                        "name": "minecraft:golden_apple",
                        "functions": [
                            {
                                "function": "set_count",
                                "count": {
                                    "min": 0,
                                    "max": 1
                                }
                            }
                        ]
                    }
                ]
            }
        ]
    }