{
    "type": "minecraft:chest",
    "pools": [
      {
        "rolls": {
          "type": "minecraft:uniform",
          "min": 2.0,
          "max": 4.0
        },
        "bonus_rolls": 0.0,
        "entries": [
          {
            "type": "minecraft:item",
            "weight": 5,
            "functions": [
              {
                "function": "minecraft:set_count",
                "count": {
                  "type": "minecraft:uniform",
                  "min": 1.0,
                  "max": 3.0
                },
                "add": false
              }
            ],
            "name": "minecraft:diamond"
          },
          {
            "type": "minecraft:item",
            "weight": 15,
            "functions": [
              {
                "function": "minecraft:set_count",
                "count": {
                  "type": "minecraft:uniform",
                  "min": 1.0,
                  "max": 5.0
                },
                "add": false
              }
            ],
            "name": "minecraft:iron_ingot"
          },
          {
            "type": "minecraft:item",
            "weight": 15,
            "functions": [
              {
                "function": "minecraft:set_count",
                "count": {
                  "type": "minecraft:uniform",
                  "min": 2.0,
                  "max": 7.0
                },
                "add": false
              }
            ],
            "name": "minecraft:gold_ingot"
          },
          {
            "type": "minecraft:item",
            "weight": 15,
            "functions": [
              {
                "function": "minecraft:set_count",
                "count": {
                  "type": "minecraft:uniform",
                  "min": 1.0,
                  "max": 3.0
                },
                "add": false
              }
            ],
            "name": "minecraft:emerald"
          },
          {
            "type": "minecraft:item",
            "weight": 25,
            "functions": [
              {
                "function": "minecraft:set_count",
                "count": {
                  "type": "minecraft:uniform",
                  "min": 4.0,
                  "max": 6.0
                },
                "add": false
              }
            ],
            "name": "minecraft:bone"
          },
          {
            "type": "minecraft:item",
            "weight": 25,
            "functions": [
              {
                "function": "minecraft:set_count",
                "count": {
                  "type": "minecraft:uniform",
                  "min": 1.0,
                  "max": 3.0
                },
                "add": false
              }
            ],
            "name": "minecraft:spider_eye"
          },
          {
            "type": "minecraft:item",
            "weight": 25,
            "functions": [
              {
                "function": "minecraft:set_count",
                "count": {
                  "type": "minecraft:uniform",
                  "min": 3.0,
                  "max": 7.0
                },
                "add": false
              }
            ],
            "name": "minecraft:rotten_flesh"
          },
          {
            "type": "minecraft:item",
            "weight": 20,
            "name": "minecraft:saddle"
          },
          {
            "type": "minecraft:item",
            "weight": 15,
            "name": "minecraft:iron_horse_armor"
          },
          {
            "type": "minecraft:item",
            "weight": 10,
            "name": "minecraft:golden_horse_armor"
          },
          {
            "type": "minecraft:item",
            "weight": 5,
            "name": "minecraft:diamond_horse_armor"
          },
          {
            "type": "minecraft:item",
            "weight": 20,
            "functions": [
              {
                "function": "minecraft:enchant_randomly"
              }
            ],
            "name": "minecraft:book"
          },
          {
            "type": "minecraft:item",
            "weight": 20,
            "name": "minecraft:golden_apple"
          },
          {
            "type": "minecraft:item",
            "weight": 2,
            "name": "minecraft:enchanted_golden_apple"
          },
          {
            "type": "minecraft:empty",
            "weight": 15
          }
        ]
      },
      {
        "rolls": 4.0,
        "bonus_rolls": 0.0,
        "entries": [
          {
            "type": "minecraft:item",
            "weight": 10,
            "functions": [
              {
                "function": "minecraft:set_count",
                "count": {
                  "type": "minecraft:uniform",
                  "min": 1.0,
                  "max": 8.0
                },
                "add": false
              }
            ],
            "name": "minecraft:bone"
          },
          {
            "type": "minecraft:item",
            "weight": 10,
            "functions": [
              {
                "function": "minecraft:set_count",
                "count": {
                  "type": "minecraft:uniform",
                  "min": 1.0,
                  "max": 8.0
                },
                "add": false
              }
            ],
            "name": "minecraft:gunpowder"
          },
          {
            "type": "minecraft:item",
            "weight": 10,
            "functions": [
              {
                "function": "minecraft:set_count",
                "count": {
                  "type": "minecraft:uniform",
                  "min": 1.0,
                  "max": 8.0
                },
                "add": false
              }
            ],
            "name": "minecraft:rotten_flesh"
          },
          {
            "type": "minecraft:item",
            "weight": 10,
            "functions": [
              {
                "function": "minecraft:set_count",
                "count": {
                  "type": "minecraft:uniform",
                  "min": 1.0,
                  "max": 8.0
                },
                "add": false
              }
            ],
            "name": "minecraft:string"
          },
          {
            "type": "minecraft:item",
            "weight": 10,
            "functions": [
              {
                "function": "minecraft:set_count",
                "count": {
                  "type": "minecraft:uniform",
                  "min": 1.0,
                  "max": 8.0
                },
                "add": false
              }
            ],
            "name": "minecraft:red_sand"
          }
        ]
      }
    ]
  }