{
    "name": "agus5534:red_desert_pyramid",
    "fallback": "minecraft:empty",
    "elements": [
      {
        "weight": 100,
        "element": {
          "location": "agus5534:desert_pyramid/red",
          "processors": "minecraft:empty",
          "projection": "rigid",
          "element_type": "minecraft:legacy_single_pool_element"
        }
      },
      {
        "weight": 70,
        "element": {
          "location": "agus5534:desert_pyramid/red_modern",
          "processors": "minecraft:empty",
          "projection": "rigid",
          "element_type": "minecraft:legacy_single_pool_element"
        }
      }
    ]
  }