{
    "name": "agus5534:giant_swamp_tree/tree",
    "fallback": "minecraft:empty",
    "elements": [
      {
        "weight": 100,
        "element": {
          "location": "agus5534:giant_swamp_tree/ver_01",
          "processors": "minecraft:empty",
          "projection": "rigid",
          "element_type": "minecraft:legacy_single_pool_element"
        }
      },
      {
        "weight": 85,
        "element": {
            "location": "agus5534:giant_swamp_tree/ver_02",
          "processors": "minecraft:empty",
          "projection": "rigid",
          "element_type": "minecraft:legacy_single_pool_element"
        }
      },
      {
        "weight": 65,
        "element": {
            "location": "agus5534:giant_swamp_tree/ver_flooded",
          "processors": "minecraft:empty",
          "projection": "rigid",
          "element_type": "minecraft:legacy_single_pool_element"
        }
      }
    ]
  }