{
    "name": "agus5534:volcano/lava_lake",
    "fallback": "minecraft:empty",
    "elements": [
      {
        "weight": 100,
        "element": {
          "location": "agus5534:volcano/simple_lake_01",
          "processors": "minecraft:empty",
          "projection": "rigid",
          "element_type": "minecraft:legacy_single_pool_element"
        }
      },
      {
        "weight": 90,
        "element": {
          "location": "agus5534:volcano/simple_lake_02",
          "processors": "minecraft:empty",
          "projection": "rigid",
          "element_type": "minecraft:legacy_single_pool_element"
        }
      },
      {
        "weight": 85,
        "element": {
          "location": "agus5534:volcano/simple_lake_03",
          "processors": "minecraft:empty",
          "projection": "rigid",
          "element_type": "minecraft:legacy_single_pool_element"
        }
      },
      {
        "weight": 70,
        "element": {
          "location": "agus5534:volcano/simple_lake_04",
          "processors": "minecraft:empty",
          "projection": "rigid",
          "element_type": "minecraft:legacy_single_pool_element"
        }
      },
      {
        "weight": 70,
        "element": {
          "location": "agus5534:volcano/simple_lake_05",
          "processors": "minecraft:empty",
          "projection": "rigid",
          "element_type": "minecraft:legacy_single_pool_element"
        }
      }
    ]
  }