{"stats":{"minecraft:dropped":{"minecraft:smooth_quartz_slab":1,"minecraft:bone_meal":1,"minecraft:quartz_slab":2},"minecraft:custom":{"minecraft:time_since_rest":167706,"minecraft:sprint_one_cm":336755,"minecraft:walk_one_cm":289156,"minecraft:drop":4,"minecraft:swim_one_cm":24907,"minecraft:fly_one_cm":1405234,"minecraft:crouch_one_cm":34152,"minecraft:play_time":230896,"minecraft:deaths":3,"minecraft:sneak_time":19292,"minecraft:walk_under_water_one_cm":7018,"minecraft:jump":1650,"minecraft:leave_game":10,"minecraft:time_since_death":167683,"minecraft:walk_on_water_one_cm":5685,"minecraft:total_world_time":258987,"minecraft:climb_one_cm":4135},"minecraft:used":{"minecraft:shroomlight":8,"minecraft:light_blue_candle":26,"minecraft:quartz_bricks":307,"minecraft:end_rod":45,"minecraft:ink_sac":1,"minecraft:sea_lantern":5,"minecraft:water_bucket":52,"minecraft:warped_stem":279,"minecraft:light":50,"minecraft:quartz_pillar":449,"minecraft:warped_hyphae":8,"minecraft:flint_and_steel":27,"minecraft:light_gray_concrete":1,"minecraft:quartz_slab":405,"minecraft:smooth_quartz_slab":11,"minecraft:nether_sprouts":5,"minecraft:grass_block":41,"minecraft:blue_orchid":9,"minecraft:cyan_candle":32,"minecraft:dark_oak_sign":3,"minecraft:blackstone_stairs":64,"minecraft:ladder":34,"minecraft:quartz_block":512,"minecraft:stripped_warped_stem":562,"minecraft:blackstone":171,"minecraft:warped_nylium":131,"minecraft:cyan_concrete":162,"minecraft:stone":2,"minecraft:gray_concrete_powder":34,"minecraft:smooth_quartz":101,"minecraft:diorite_wall":33,"minecraft:glow_ink_sac":3,"minecraft:quartz_stairs":197,"minecraft:grass":46,"minecraft:deepslate_bricks":9,"minecraft:warped_roots":6,"minecraft:smooth_basalt":33,"minecraft:soul_lantern":8,"minecraft:soul_campfire":15,"minecraft:blackstone_slab":10,"minecraft:basalt":6,"minecraft:torch":3,"minecraft:dark_oak_trapdoor":7,"minecraft:diamond_block":3,"minecraft:blue_dye":1,"minecraft:warped_wart_block":85,"minecraft:tall_grass":2,"minecraft:light_blue_concrete":75,"minecraft:warped_fungus":17,"minecraft:light_blue_dye":1,"minecraft:soul_soil":8,"minecraft:light_blue_wool":46,"minecraft:deepslate_brick_slab":28,"minecraft:black_candle":10,"minecraft:chain":5,"minecraft:cyan_dye":3,"minecraft:wither_rose":8,"minecraft:chiseled_quartz_block":97,"minecraft:gray_concrete":82,"minecraft:coarse_dirt":15,"minecraft:gray_wool":59,"minecraft:bone_meal":25,"minecraft:deepslate_brick_stairs":10},"minecraft:picked_up":{"minecraft:ladder":3,"minecraft:quartz_slab":2,"minecraft:smooth_quartz_slab":1}},"DataVersion":2730}