{
    "name": "agus5534:ice_pack/base_3",
    "fallback": "minecraft:empty",
    "elements": [
      {
        "weight": 50,
        "element": {
          "location": "agus5534:ice_pack/base_3/ver_01",
          "processors": "minecraft:empty",
          "projection": "rigid",
          "element_type": "minecraft:legacy_single_pool_element"
        }
      },
      {
        "weight": 80,
        "element": {
          "location": "agus5534:ice_pack/base_3/ver_02",
          "processors": "minecraft:empty",
          "projection": "rigid",
          "element_type": "minecraft:legacy_single_pool_element"
        }
      },
      {
        "weight": 80,
        "element": {
          "location": "agus5534:ice_pack/base_3/ver_03",
          "processors": "minecraft:empty",
          "projection": "rigid",
          "element_type": "minecraft:legacy_single_pool_element"
        }
      },
      {
        "weight": 100,
        "element": {
          "location": "agus5534:ice_pack/base_3/ver_04",
          "processors": "minecraft:empty",
          "projection": "rigid",
          "element_type": "minecraft:legacy_single_pool_element"
        }
      },
      {
        "weight": 50,
        "element": {
          "location": "agus5534:ice_pack/base_3/ver_05",
          "processors": "minecraft:empty",
          "projection": "rigid",
          "element_type": "minecraft:legacy_single_pool_element"
        }
      },
      {
        "weight": 80,
        "element": {
          "location": "agus5534:ice_pack/base_3/ver_06",
          "processors": "minecraft:empty",
          "projection": "rigid",
          "element_type": "minecraft:legacy_single_pool_element"
        }
      },
      {
        "weight": 80,
        "element": {
          "location": "agus5534:ice_pack/base_3/ver_07",
          "processors": "minecraft:empty",
          "projection": "rigid",
          "element_type": "minecraft:legacy_single_pool_element"
        }
      },
      {
        "weight": 100,
        "element": {
          "location": "agus5534:ice_pack/base_3/ver_08",
          "processors": "minecraft:empty",
          "projection": "rigid",
          "element_type": "minecraft:legacy_single_pool_element"
        }
      }
    ]
  }